"0","27","Pending","1980-06-30 19:19:21"
"1","11","On Hold","1989-05-15 23:14:07"
"2","58","On Hold","2017-09-30 07:30:22"
"3","26","Pending","2019-02-12 21:02:12"
"4","49","Pending","2017-08-29 13:13:25"
"5","75","Fulfilled","1993-11-21 03:16:31"
"6","75","Pending","1977-03-11 19:24:29"
"7","6","Pending","1993-09-26 22:10:14"
"8","65","Fulfilled","2002-11-05 13:20:46"
"9","90","On Hold","2001-08-04 17:47:47"
"10","72","Fulfilled","1991-08-06 22:50:35"
"11","86","Fulfilled","1995-01-04 08:20:04"
"12","6","Pending","2018-02-16 14:22:14"
"13","8","Fulfilled","1988-08-12 23:25:54"
"14","57","Pending","1991-11-10 20:13:33"
"15","76","Fulfilled","2001-07-08 16:40:20"
"16","90","On Hold","1990-01-24 21:35:34"
"17","0","Pending","1979-08-18 08:45:49"
"18","64","On Hold","2000-05-03 10:46:54"
"19","96","Pending","2000-08-11 13:22:43"
"20","44","Pending","1978-10-31 23:00:48"
"21","7","Fulfilled","1988-09-22 15:28:04"
"22","18","Pending","1978-03-10 07:48:27"
"23","81","On Hold","2020-07-05 08:51:50"
"24","8","On Hold","2010-03-05 01:48:00"
"25","54","Fulfilled","1987-05-26 06:06:36"
"26","69","Pending","1989-08-15 22:52:31"
"27","97","Fulfilled","2003-03-25 17:09:21"
"28","39","Pending","2019-09-13 05:11:21"
"29","40","On Hold","2022-12-08 15:10:12"
"30","35","Fulfilled","2001-07-29 11:37:50"
"31","20","On Hold","2007-01-14 03:39:49"
"32","66","On Hold","1986-10-13 03:44:06"
"33","59","Fulfilled","1996-03-14 20:55:30"
"34","22","Pending","2019-02-27 17:52:13"
"35","12","Pending","1982-09-01 03:13:29"
"36","24","On Hold","2012-05-12 18:03:00"
"37","5","Fulfilled","2015-02-17 05:23:32"
"38","65","Fulfilled","2004-02-15 07:01:55"
"39","5","On Hold","1972-11-08 17:51:57"
"40","51","On Hold","2017-12-23 10:21:58"
"41","42","Fulfilled","2009-01-06 19:59:09"
"42","35","Fulfilled","1993-06-05 17:45:27"
"43","62","On Hold","2009-01-07 02:01:10"
"44","79","Fulfilled","1999-01-17 14:30:00"
"45","80","Pending","2013-07-30 00:29:47"
"46","89","Fulfilled","1970-11-23 03:13:40"
"47","37","Pending","1998-11-24 06:27:24"
"48","66","On Hold","1976-04-28 05:42:46"
"49","26","Fulfilled","2019-06-09 10:35:51"
"50","2","Fulfilled","1999-02-23 05:43:41"
"51","59","Fulfilled","1972-02-07 17:08:44"
"52","39","Pending","1978-03-28 05:26:44"
"53","91","Fulfilled","2002-08-04 01:51:37"
"54","68","Pending","2000-09-07 05:44:50"
"55","2","On Hold","2020-09-16 02:38:09"
"56","21","Pending","1997-11-17 06:24:17"
"57","42","Pending","1992-08-27 08:27:40"
"58","15","Pending","1986-11-23 23:40:56"
"59","40","On Hold","1988-02-11 20:47:37"
"60","9","On Hold","1995-03-13 06:06:49"
"61","33","On Hold","1990-05-11 19:34:53"
"62","35","Fulfilled","2005-09-25 08:49:13"
"63","94","Pending","1970-03-19 09:23:15"
"64","87","Fulfilled","1981-12-09 14:24:26"
"65","93","Fulfilled","1989-11-22 23:38:34"
"66","61","Fulfilled","1991-12-08 08:09:11"
"67","59","Fulfilled","1987-05-18 08:18:01"
"68","49","On Hold","1992-04-08 15:30:20"
"69","23","Fulfilled","2012-10-02 21:37:58"
"70","27","Pending","1997-07-17 00:31:29"
"71","15","Fulfilled","2009-06-28 23:09:07"
"72","26","Pending","1984-11-08 07:12:03"
"73","65","Pending","2006-09-15 13:05:46"
"74","36","On Hold","2013-12-21 19:00:22"
"75","48","Fulfilled","1978-12-04 08:18:11"
"76","19","Fulfilled","1981-06-09 07:48:45"
"77","85","On Hold","2013-04-18 08:20:44"
"78","60","Fulfilled","2008-12-07 00:13:13"
"79","12","Pending","2005-04-21 01:13:07"
"80","34","Fulfilled","2009-11-08 13:20:10"
"81","8","On Hold","1993-01-16 16:12:07"
"82","24","On Hold","1996-10-06 20:26:14"
"83","44","On Hold","2017-04-22 02:25:46"
"84","18","Pending","1978-03-03 09:01:51"
"85","26","Fulfilled","1981-11-28 11:05:54"
"86","45","On Hold","1992-09-27 19:03:04"
"87","93","Fulfilled","1995-12-22 20:21:59"
"88","18","Fulfilled","1970-05-30 10:45:26"
"89","56","Pending","1993-05-11 10:39:04"
"90","23","Fulfilled","2002-09-06 06:34:06"
"91","52","Fulfilled","2002-12-01 03:05:29"
"92","97","Pending","1984-11-17 02:44:42"
"93","54","On Hold","1976-01-20 19:58:00"
"94","95","On Hold","2005-09-17 06:08:19"
"95","62","On Hold","1997-08-13 06:42:06"
"96","27","On Hold","1974-09-10 15:29:30"
"97","19","On Hold","2006-05-30 10:30:38"
"98","7","On Hold","1996-05-19 08:55:14"
"99","47","Fulfilled","2001-07-18 21:42:36"
"100","47","On Hold","2016-07-30 19:09:52"
"101","94","On Hold","2009-05-27 04:13:34"
"102","15","Pending","1986-03-09 17:22:24"
"103","94","Fulfilled","2005-04-23 22:20:41"
"104","89","On Hold","2001-10-05 02:39:08"
"105","26","Fulfilled","2019-03-19 13:14:25"
"106","40","Pending","1979-01-12 16:57:57"
"107","52","Fulfilled","2007-04-17 00:59:01"
"108","64","Fulfilled","2008-07-29 01:49:33"
"109","1","Fulfilled","1999-10-08 21:15:12"
"110","29","Fulfilled","2019-04-21 05:24:28"
"111","56","Pending","1996-07-19 22:28:10"
"112","52","Fulfilled","2017-10-25 07:35:56"
"113","43","Pending","1975-01-27 12:11:24"
"114","8","Pending","2004-10-26 16:13:04"
"115","22","On Hold","2009-03-01 08:00:44"
"116","19","Pending","1977-08-07 22:29:29"
"117","34","Fulfilled","1994-01-31 19:42:13"
"118","44","On Hold","1988-06-10 00:49:58"
"119","83","Fulfilled","1984-04-27 10:39:37"
"120","60","On Hold","1988-12-02 01:52:19"
"121","9","Fulfilled","1986-05-24 18:36:24"
"122","70","Pending","2003-04-01 08:26:37"
"123","49","Fulfilled","2001-08-12 08:32:16"
"124","67","Pending","2012-06-28 09:32:00"
"125","44","Pending","1980-05-16 21:57:22"
"126","89","Fulfilled","1997-03-20 09:38:52"
"127","74","On Hold","1996-11-20 18:26:00"
"128","55","On Hold","1982-12-31 05:56:20"
"129","11","On Hold","1985-05-29 22:05:52"
"130","59","Pending","1988-11-03 06:47:26"
"131","91","Fulfilled","1985-02-21 22:57:33"
"132","65","Pending","1997-12-19 07:25:09"
"133","39","Fulfilled","2012-10-12 21:36:49"
"134","9","On Hold","2008-11-25 15:23:49"
"135","63","Pending","1987-08-14 21:55:45"
"136","79","On Hold","2005-01-04 09:16:25"
"137","66","Fulfilled","1970-01-15 07:16:15"
"138","3","On Hold","2009-08-28 17:01:52"
"139","59","On Hold","2011-06-29 18:03:00"
"140","52","Pending","2001-07-13 04:27:14"
"141","17","On Hold","2019-01-04 18:15:14"
"142","97","Pending","1985-06-19 17:21:03"
"143","30","Pending","1986-12-05 01:50:53"
"144","76","On Hold","2001-03-02 01:34:59"
"145","46","On Hold","1986-03-12 22:43:06"
"146","22","Pending","1984-11-01 23:22:40"
"147","80","Fulfilled","1999-10-29 14:09:54"
"148","12","Fulfilled","1989-07-16 12:38:34"
"149","99","Pending","2008-11-07 00:28:20"
"150","51","Pending","1974-02-20 13:41:53"
"151","10","On Hold","1982-01-30 19:03:51"
"152","22","Pending","2009-05-03 21:45:04"
"153","12","Pending","1990-07-24 01:43:50"
"154","86","Pending","2000-05-20 13:47:22"
"155","10","Pending","1972-07-20 01:27:17"
"156","15","Fulfilled","2015-04-29 08:05:46"
"157","86","On Hold","2016-02-17 17:19:08"
"158","58","On Hold","2015-05-03 21:09:50"
"159","62","Pending","2006-11-14 15:13:29"
"160","45","Fulfilled","1980-04-01 21:24:16"
"161","47","Pending","2023-03-19 00:22:45"
"162","77","On Hold","1971-12-04 03:49:29"
"163","83","On Hold","1989-05-06 03:13:09"
"164","38","Pending","2004-11-16 03:58:31"
"165","32","On Hold","2022-11-04 09:59:54"
"166","33","Fulfilled","1981-04-09 20:52:32"
"167","85","Fulfilled","1972-12-10 19:34:43"
"168","21","Fulfilled","2022-02-06 12:08:51"
"169","24","Pending","2020-10-12 01:30:03"
"170","13","On Hold","2023-02-22 20:00:44"
"171","23","Fulfilled","2016-11-10 10:13:30"
"172","6","On Hold","1988-08-21 23:23:04"
"173","52","Pending","2005-04-17 01:35:23"
"174","89","Fulfilled","1998-08-01 07:36:07"
"175","26","On Hold","2006-02-20 22:34:51"
"176","80","Fulfilled","1971-08-13 11:17:45"
"177","67","Fulfilled","1982-12-28 08:13:36"
"178","7","On Hold","1975-06-24 09:58:59"
"179","13","Pending","1973-03-31 12:11:32"
"180","82","Fulfilled","2019-07-31 06:41:12"
"181","51","Pending","2019-03-10 09:44:49"
"182","66","Fulfilled","2004-05-26 04:58:01"
"183","76","Fulfilled","1996-04-01 19:51:47"
"184","71","On Hold","2007-02-16 15:13:14"
"185","58","On Hold","1996-05-29 00:07:11"
"186","65","On Hold","2002-01-03 00:14:05"
"187","13","On Hold","1984-01-01 13:07:51"
"188","23","Pending","1995-11-27 19:07:13"
"189","59","Pending","1992-09-29 23:58:48"
"190","30","Pending","2007-09-21 11:54:02"
"191","74","Fulfilled","1971-12-29 20:33:46"
"192","95","Pending","1970-09-06 04:24:38"
"193","46","Pending","1980-11-14 03:09:01"
"194","52","Fulfilled","1970-10-08 02:14:00"
"195","53","On Hold","1970-01-04 09:07:57"
"196","24","On Hold","2001-06-22 07:27:38"
"197","69","Pending","1973-04-26 10:08:02"
"198","61","On Hold","1973-03-16 21:37:37"
"199","50","Pending","1981-12-16 10:04:18"
"200","62","Pending","2002-01-19 14:55:57"
"201","9","On Hold","2014-02-14 07:58:29"
"202","45","Fulfilled","1974-03-02 22:59:20"
"203","60","On Hold","2010-03-01 12:05:20"
"204","4","On Hold","1999-07-07 10:05:02"
"205","4","Fulfilled","1998-02-16 18:33:18"
"206","42","Pending","1987-12-02 18:44:57"
"207","97","Fulfilled","1986-02-03 06:58:21"
"208","49","On Hold","1984-04-17 14:08:52"
"209","38","Pending","2018-07-25 18:24:51"
"210","93","Pending","1983-04-02 06:30:53"
"211","26","Pending","2019-06-19 13:22:23"
"212","75","Fulfilled","2016-12-19 23:32:28"
"213","47","Pending","2013-06-02 15:05:19"
"214","20","On Hold","2017-10-25 02:21:12"
"215","0","On Hold","2001-04-16 23:15:27"
"216","21","Pending","1985-11-14 20:00:57"
"217","46","Pending","2019-09-22 05:53:11"
"218","9","Fulfilled","2017-02-19 22:30:54"
"219","62","Fulfilled","2021-07-16 06:47:22"
"220","64","Pending","1976-07-19 12:13:11"
"221","54","On Hold","1984-06-25 08:09:43"
"222","92","Pending","2014-03-06 12:24:00"
"223","15","Fulfilled","1980-07-20 06:58:09"
"224","5","On Hold","1976-05-29 00:48:31"
"225","83","Fulfilled","1990-06-29 14:57:16"
"226","95","On Hold","1981-10-03 03:41:55"
"227","33","Fulfilled","1976-11-26 00:54:16"
"228","94","Fulfilled","1995-04-30 15:10:08"
"229","8","Pending","1994-12-28 06:44:54"
"230","93","Fulfilled","2020-06-25 02:54:31"
"231","27","Pending","2003-09-10 14:18:24"
"232","49","Pending","2003-06-07 02:44:01"
"233","36","Fulfilled","1999-07-15 06:11:05"
"234","38","On Hold","2019-11-02 03:02:24"
"235","65","Fulfilled","2023-05-23 21:41:52"
"236","17","Fulfilled","1981-10-12 17:27:16"
"237","99","Pending","2001-01-09 00:41:12"
"238","29","Pending","2015-03-22 07:41:09"
"239","5","Pending","2012-01-09 03:27:59"
"240","49","Pending","2012-03-28 18:12:32"
"241","66","Fulfilled","2020-12-20 14:57:50"
"242","43","Fulfilled","2005-03-30 16:45:27"
"243","74","Pending","1988-02-14 22:37:55"
"244","88","Fulfilled","1992-08-29 21:32:46"
"245","63","Fulfilled","2011-03-03 11:01:39"
"246","76","Pending","1974-02-27 07:05:59"
"247","60","Pending","1998-06-16 22:17:51"
"248","87","On Hold","2005-07-08 05:35:00"
"249","26","On Hold","1979-09-02 03:00:33"
"250","35","On Hold","1982-03-12 16:07:10"
"251","90","On Hold","1981-01-09 11:40:40"
"252","30","Fulfilled","2023-04-21 11:24:16"
"253","5","Pending","2008-04-04 22:10:10"
"254","58","Fulfilled","1989-03-29 20:30:08"
"255","13","On Hold","2021-10-31 18:00:07"
"256","90","Pending","2012-11-07 00:20:32"
"257","42","On Hold","2002-12-15 11:23:16"
"258","39","Pending","1976-11-21 17:32:56"
"259","91","Fulfilled","2011-01-30 02:13:41"
"260","21","Pending","1990-06-11 09:46:26"
"261","19","Fulfilled","1995-03-29 20:31:36"
"262","27","On Hold","1980-10-09 11:07:59"
"263","62","Fulfilled","1980-11-13 17:53:10"
"264","35","Pending","2018-06-06 07:26:26"
"265","66","Fulfilled","1986-08-25 22:38:43"
"266","9","On Hold","2000-06-06 23:41:46"
"267","44","Fulfilled","2021-01-23 04:44:17"
"268","7","Fulfilled","2004-05-17 21:59:00"
"269","46","Fulfilled","1995-07-13 23:07:42"
"270","91","Pending","1981-11-04 13:27:06"
"271","55","Fulfilled","2003-04-08 12:32:11"
"272","45","Fulfilled","1979-06-17 10:48:10"
"273","60","Pending","1997-03-31 12:09:21"
"274","34","Fulfilled","2007-09-12 06:22:52"
"275","54","On Hold","2004-12-02 11:36:28"
"276","38","On Hold","2011-02-05 09:11:18"
"277","6","On Hold","1987-09-09 11:15:18"
"278","79","On Hold","2023-08-07 05:33:09"
"279","80","Fulfilled","1985-03-31 03:28:51"
"280","57","Pending","2007-07-12 22:15:32"
"281","97","Pending","2014-08-31 21:42:09"
"282","96","Pending","2023-04-24 09:19:05"
"283","31","Fulfilled","2006-11-16 14:49:14"
"284","20","Fulfilled","1990-07-21 04:37:19"
"285","80","Fulfilled","1999-11-15 23:26:54"
"286","8","Pending","2020-04-12 21:43:27"
"287","43","On Hold","1979-05-27 03:03:43"
"288","48","Fulfilled","1994-03-31 20:45:48"
"289","13","Pending","1999-02-05 05:35:37"
"290","76","Pending","2001-08-23 21:08:44"
"291","89","Fulfilled","1990-11-18 21:51:17"
"292","48","On Hold","1994-10-08 18:26:41"
"293","58","Pending","1977-11-22 15:49:11"
"294","18","Fulfilled","1980-07-29 22:12:52"
"295","95","Fulfilled","2023-01-26 15:08:19"
"296","49","On Hold","2002-08-21 04:09:30"
"297","3","On Hold","2020-03-19 07:32:34"
"298","5","Pending","1974-08-12 16:38:22"
"299","80","Fulfilled","1982-10-04 01:38:41"
"300","87","Fulfilled","1987-12-17 23:10:35"
"301","28","On Hold","2000-06-29 02:24:09"
"302","58","Fulfilled","2010-05-19 18:52:18"
"303","45","On Hold","1996-01-17 19:14:37"
"304","68","Pending","2008-08-27 16:33:59"
"305","65","Pending","2009-05-04 04:08:58"
"306","77","Pending","1972-12-14 02:49:26"
"307","36","Pending","2002-12-21 13:28:36"
"308","35","Fulfilled","2003-05-11 11:09:31"
"309","73","Fulfilled","2000-08-21 19:57:49"
"310","31","Pending","1978-11-11 00:10:26"
"311","18","Pending","2017-07-11 10:27:40"
"312","39","On Hold","1991-03-19 06:56:32"
"313","39","Fulfilled","1982-01-19 01:41:29"
"314","75","Fulfilled","1997-07-20 23:47:01"
"315","77","On Hold","1992-12-04 16:23:56"
"316","42","Fulfilled","2014-12-23 15:44:38"
"317","3","On Hold","2003-02-19 16:43:08"
"318","22","Pending","1990-02-24 09:08:29"
"319","70","On Hold","1983-10-12 17:13:17"
"320","27","Pending","2018-12-24 22:44:32"
"321","21","Pending","2010-11-06 20:47:11"
"322","84","Fulfilled","1985-12-28 04:20:54"
"323","86","Pending","2015-05-22 09:32:58"
"324","80","Fulfilled","1983-02-14 07:16:04"
"325","73","Pending","1972-05-31 05:58:56"
"326","80","Fulfilled","2001-08-24 09:48:22"
"327","2","Fulfilled","1970-11-27 02:03:29"
"328","39","On Hold","1998-12-02 09:01:41"
"329","73","Pending","1979-09-19 18:28:46"
"330","2","Fulfilled","2006-10-27 11:36:04"
"331","20","Pending","1970-10-29 21:20:37"
"332","56","Pending","1998-02-28 04:05:27"
"333","76","On Hold","1981-07-26 00:08:52"
"334","85","Fulfilled","1989-03-09 05:55:56"
"335","2","On Hold","2017-07-13 15:13:19"
"336","6","Pending","1992-12-17 12:03:22"
"337","36","On Hold","1998-12-29 08:19:37"
"338","18","Pending","2017-11-10 02:17:52"
"339","30","Pending","2002-01-07 11:48:31"
"340","53","Pending","1988-10-01 06:19:43"
"341","40","Pending","1990-09-08 14:25:39"
"342","36","Fulfilled","2009-07-21 18:46:21"
"343","41","Pending","2015-05-17 01:32:38"
"344","87","Fulfilled","1973-05-18 03:21:27"
"345","53","On Hold","2017-03-21 04:58:29"
"346","59","On Hold","1980-01-31 02:26:01"
"347","58","On Hold","1978-05-22 03:58:02"
"348","31","Fulfilled","1999-01-15 03:38:19"
"349","50","On Hold","2021-12-11 03:32:05"
"350","30","Fulfilled","2013-09-22 12:49:25"
"351","22","Fulfilled","2002-04-30 01:59:57"
"352","33","Fulfilled","2006-07-05 04:24:48"
"353","37","On Hold","1973-01-02 22:08:21"
"354","63","On Hold","2023-10-02 07:42:27"
"355","57","On Hold","2008-03-04 19:57:16"
"356","29","On Hold","2011-05-29 16:58:15"
"357","13","Pending","2016-11-14 05:22:22"
"358","31","Fulfilled","1988-10-01 17:51:48"
"359","37","Pending","1995-12-20 07:58:01"
"360","69","Pending","1993-06-23 12:04:23"
"361","73","On Hold","1983-04-19 06:39:45"
"362","54","Fulfilled","1976-10-20 01:29:40"
"363","42","Fulfilled","2000-11-10 23:53:27"
"364","43","Fulfilled","1971-08-16 20:42:11"
"365","82","On Hold","1997-11-12 18:33:59"
"366","31","Fulfilled","2007-06-18 21:09:30"
"367","48","On Hold","2013-05-11 02:12:36"
"368","50","Pending","1998-10-04 15:36:42"
"369","82","Fulfilled","1996-03-01 13:28:47"
"370","8","On Hold","1985-11-02 13:14:31"
"371","80","On Hold","2004-10-07 14:59:31"
"372","79","Pending","1970-04-09 11:29:11"
"373","13","Pending","1999-03-02 10:26:20"
"374","60","Fulfilled","2005-02-24 00:43:37"
"375","27","Fulfilled","2012-12-13 22:24:05"
"376","55","Fulfilled","2002-07-18 21:42:26"
"377","99","Pending","1982-05-04 13:57:49"
"378","46","Pending","1972-01-27 19:04:29"
"379","68","Pending","2023-02-25 04:17:55"
"380","17","On Hold","1993-11-25 14:43:13"
"381","66","On Hold","2000-07-01 18:30:57"
"382","66","Fulfilled","1971-05-01 04:21:57"
"383","41","Pending","2002-05-11 05:57:21"
"384","81","Fulfilled","2009-04-20 23:47:38"
"385","24","On Hold","1991-10-26 11:42:58"
"386","21","Pending","1990-05-05 22:49:21"
"387","45","Fulfilled","1974-01-08 08:27:20"
"388","16","On Hold","2012-07-08 13:12:55"
"389","9","Pending","1985-01-09 16:37:42"
"390","42","Fulfilled","1985-07-03 21:49:01"
"391","10","Fulfilled","2008-12-20 13:13:56"
"392","0","Fulfilled","2012-01-17 10:39:59"
"393","34","Fulfilled","2012-11-14 17:50:44"
"394","87","On Hold","1999-09-14 15:39:07"
"395","6","Pending","1994-02-14 20:29:22"
"396","1","Pending","1972-11-13 13:12:20"
"397","31","On Hold","1996-01-25 05:54:54"
"398","46","Pending","1985-09-18 22:23:03"
"399","19","Pending","1974-04-12 16:49:46"
"400","60","Pending","1972-01-22 09:53:02"
"401","0","On Hold","1995-12-13 04:57:06"
"402","69","On Hold","1988-09-25 18:38:46"
"403","60","Fulfilled","2007-10-14 12:08:25"
"404","28","Fulfilled","1998-06-09 05:32:22"
"405","48","Pending","2018-04-04 16:16:55"
"406","92","Fulfilled","2007-02-13 11:40:46"
"407","27","Fulfilled","1997-11-01 19:22:47"
"408","13","Fulfilled","1970-06-02 16:41:18"
"409","41","Pending","1975-10-24 06:57:40"
"410","27","Fulfilled","2010-05-16 10:09:54"
"411","50","Fulfilled","1985-02-12 18:01:58"
"412","83","Pending","1997-07-14 11:23:09"
"413","16","Fulfilled","2019-11-07 10:15:42"
"414","22","On Hold","1989-01-07 00:19:59"
"415","48","On Hold","2018-09-10 16:43:27"
"416","35","Fulfilled","2000-04-26 07:35:06"
"417","80","Fulfilled","2014-01-16 18:23:26"
"418","16","Pending","1977-12-09 19:23:52"
"419","67","Pending","2005-11-24 08:01:21"
"420","47","Fulfilled","2016-04-14 06:59:29"
"421","46","Fulfilled","1972-07-31 02:39:15"
"422","10","On Hold","1974-01-06 02:46:20"
"423","93","On Hold","2018-08-22 19:35:12"
"424","52","Fulfilled","2023-08-09 12:21:52"
"425","30","Fulfilled","1994-03-23 17:43:49"
"426","14","Fulfilled","2003-03-20 12:25:55"
"427","89","Pending","1985-09-14 21:53:05"
"428","29","Fulfilled","2007-07-17 07:17:04"
"429","89","Fulfilled","2016-09-09 19:21:16"
"430","83","Fulfilled","2015-12-05 22:40:06"
"431","35","Pending","2013-06-19 03:18:18"
"432","41","Pending","1975-11-09 01:49:22"
"433","11","Pending","2004-11-27 03:02:44"
"434","63","Pending","1983-10-12 23:58:58"
"435","93","Fulfilled","2017-10-14 22:43:19"
"436","50","On Hold","1986-06-11 02:01:51"
"437","35","Pending","1992-09-27 23:03:04"
"438","57","Pending","1979-12-02 10:20:46"
"439","88","On Hold","1971-12-01 14:02:52"
"440","18","Fulfilled","1978-10-01 19:26:12"
"441","36","Fulfilled","1975-05-19 06:45:28"
"442","40","On Hold","1975-03-12 04:01:14"
"443","89","Fulfilled","2012-11-10 21:59:15"
"444","12","Pending","2018-11-02 15:36:49"
"445","11","On Hold","1973-10-10 12:37:44"
"446","23","On Hold","1977-05-06 08:13:56"
"447","5","On Hold","2014-10-12 00:26:14"
"448","28","Pending","2009-04-23 18:00:01"
"449","3","On Hold","2021-12-08 03:16:12"
"450","85","On Hold","1976-02-07 15:03:53"
"451","74","Fulfilled","1987-08-03 04:19:43"
"452","2","Pending","1993-01-21 13:19:36"
"453","0","Fulfilled","1980-12-18 11:12:52"
"454","29","Pending","2016-01-26 02:59:30"
"455","72","On Hold","1978-10-03 06:32:37"
"456","62","On Hold","2021-05-17 08:10:43"
"457","54","Fulfilled","2018-04-22 04:54:46"
"458","65","Pending","2011-05-15 17:28:15"
"459","78","Pending","1973-06-04 08:01:21"
"460","65","Fulfilled","2021-03-25 18:53:35"
"461","0","Pending","1994-09-04 17:17:02"
"462","58","Fulfilled","1987-04-10 07:15:51"
"463","21","On Hold","2013-06-08 05:55:40"
"464","4","Pending","1981-11-26 07:19:39"
"465","94","On Hold","1976-03-21 08:48:12"
"466","36","Fulfilled","2007-06-04 06:54:28"
"467","15","Fulfilled","1985-09-05 04:59:45"
"468","64","Pending","1992-12-10 02:10:23"
"469","35","On Hold","1975-12-05 04:42:25"
"470","97","Pending","1990-05-16 20:16:35"
"471","46","Pending","2016-01-18 21:17:24"
"472","81","Pending","1979-07-01 15:37:17"
"473","64","Pending","2004-08-15 05:14:28"
"474","95","Pending","1991-11-21 08:17:25"
"475","58","Pending","2011-11-20 08:08:00"
"476","71","Pending","1972-06-29 00:23:44"
"477","2","Fulfilled","2022-08-28 23:57:13"
"478","8","Fulfilled","1982-11-17 14:18:49"
"479","95","Pending","2020-03-21 16:39:05"
"480","21","On Hold","1985-08-28 08:40:57"
"481","14","Pending","2009-02-13 12:48:12"
"482","70","On Hold","1989-03-09 23:45:56"
"483","25","Pending","1977-05-21 17:13:43"
"484","2","Pending","1970-07-10 07:14:43"
"485","3","On Hold","2023-04-08 12:05:53"
"486","11","Pending","1999-05-28 12:52:14"
"487","4","On Hold","2021-03-21 02:10:39"
"488","41","Fulfilled","1995-01-01 21:19:55"
"489","67","Pending","2018-11-11 21:43:28"
"490","26","Fulfilled","2021-09-18 14:28:59"
"491","42","On Hold","2013-12-09 18:09:02"
"492","91","Fulfilled","1988-09-03 22:39:29"
"493","73","Pending","1993-09-28 23:15:43"
"494","83","Pending","1999-12-05 17:38:03"
"495","64","On Hold","2009-01-27 11:27:56"
"496","43","Pending","1989-11-02 22:49:19"
"497","44","On Hold","1977-02-08 03:52:53"
"498","96","On Hold","1988-04-05 06:17:29"
"499","28","Pending","1995-05-15 10:38:06"
