"0","40","On Hold","1970-04-23 18:59:11"
"1","27","Pending","2004-01-30 19:22:14"
"2","58","On Hold","2021-01-26 03:12:01"
"3","13","On Hold","1993-06-10 01:37:55"
"4","23","Pending","1973-12-30 16:17:45"
"5","94","On Hold","1980-01-04 11:12:48"
"6","6","Pending","2013-06-19 02:49:30"
"7","35","Fulfilled","1974-05-03 05:17:20"
"8","55","Fulfilled","1999-02-06 13:26:53"
"9","68","On Hold","2006-10-17 05:39:23"
"10","11","On Hold","2021-11-30 10:50:37"
"11","64","On Hold","1991-04-05 14:57:41"
"12","97","Pending","2019-09-13 05:11:21"
"13","40","On Hold","2022-12-08 15:10:12"
"14","35","Fulfilled","2001-07-29 11:37:50"
"15","20","On Hold","2007-01-14 03:39:49"
"16","66","On Hold","1986-10-13 03:44:06"
"17","59","Fulfilled","1996-03-14 20:55:30"
"18","22","Pending","2019-02-27 17:52:13"
"19","12","Pending","1982-09-01 03:13:29"
"20","24","On Hold","2012-05-12 18:03:00"
"21","5","Fulfilled","2015-02-17 05:23:32"
"22","65","Fulfilled","2004-02-15 07:01:55"
"23","5","On Hold","1972-11-08 17:51:57"
"24","51","On Hold","2017-12-23 10:21:58"
"25","42","Fulfilled","2009-01-06 19:59:09"
"26","35","Fulfilled","1993-06-05 17:45:27"
"27","62","On Hold","2009-01-07 02:01:10"
"28","79","Fulfilled","1999-01-17 14:30:00"
"29","80","Pending","2013-07-30 00:29:47"
"30","89","Fulfilled","1970-11-23 03:13:40"
"31","37","Pending","1998-11-24 06:27:24"
"32","66","On Hold","1976-04-28 05:42:46"
"33","26","Fulfilled","2019-06-09 10:35:51"
"34","2","Fulfilled","1999-02-23 05:43:41"
"35","59","Fulfilled","1972-02-07 17:08:44"
"36","39","Pending","1978-03-28 05:26:44"
"37","91","Fulfilled","2002-08-04 01:51:37"
"38","68","Pending","2000-09-07 05:44:50"
"39","2","On Hold","2020-09-16 02:38:09"
"40","21","Pending","1997-11-17 06:24:17"
"41","42","Pending","1992-08-27 08:27:40"
"42","15","Pending","1986-11-23 23:40:56"
"43","40","On Hold","1988-02-11 20:47:37"
"44","9","On Hold","1995-03-13 06:06:49"
"45","33","On Hold","1990-05-11 19:34:53"
"46","35","Fulfilled","2005-09-25 08:49:13"
"47","94","Pending","1970-03-19 09:23:15"
"48","87","Fulfilled","1981-12-09 14:24:26"
"49","93","Fulfilled","1989-11-22 23:38:34"
"50","61","Fulfilled","1991-12-08 08:09:11"
"51","59","Fulfilled","1987-05-18 08:18:01"
"52","49","On Hold","1992-04-08 15:30:20"
"53","23","Fulfilled","2012-10-02 21:37:58"
"54","27","Pending","1997-07-17 00:31:29"
"55","15","Fulfilled","2009-06-28 23:09:07"
"56","26","Pending","1984-11-08 07:12:03"
"57","65","Pending","2006-09-15 13:05:46"
"58","36","On Hold","2013-12-21 19:00:22"
"59","48","Fulfilled","1978-12-04 08:18:11"
"60","19","Fulfilled","1981-06-09 07:48:45"
"61","85","On Hold","2013-04-18 08:20:44"
"62","60","Fulfilled","2008-12-07 00:13:13"
"63","12","Pending","2005-04-21 01:13:07"
"64","34","Fulfilled","2009-11-08 13:20:10"
"65","8","On Hold","1993-01-16 16:12:07"
"66","24","On Hold","1996-10-06 20:26:14"
"67","44","On Hold","2017-04-22 02:25:46"
"68","18","Pending","1978-03-03 09:01:51"
"69","26","Fulfilled","1981-11-28 11:05:54"
"70","45","On Hold","1992-09-27 19:03:04"
"71","93","Fulfilled","1995-12-22 20:21:59"
"72","18","Fulfilled","1970-05-30 10:45:26"
"73","56","Pending","1993-05-11 10:39:04"
"74","23","Fulfilled","2002-09-06 06:34:06"
"75","52","Fulfilled","2002-12-01 03:05:29"
"76","97","Pending","1984-11-17 02:44:42"
"77","54","On Hold","1976-01-20 19:58:00"
"78","95","On Hold","2005-09-17 06:08:19"
"79","62","On Hold","1997-08-13 06:42:06"
"80","27","On Hold","1974-09-10 15:29:30"
"81","19","On Hold","2006-05-30 10:30:38"
"82","7","On Hold","1996-05-19 08:55:14"
"83","47","Fulfilled","2001-07-18 21:42:36"
"84","47","On Hold","2016-07-30 19:09:52"
"85","94","On Hold","2009-05-27 04:13:34"
"86","15","Pending","1986-03-09 17:22:24"
"87","94","Fulfilled","2005-04-23 22:20:41"
"88","89","On Hold","2001-10-05 02:39:08"
"89","26","Fulfilled","2019-03-19 13:14:25"
"90","40","Pending","1979-01-12 16:57:57"
"91","52","Fulfilled","2007-04-17 00:59:01"
"92","64","Fulfilled","2008-07-29 01:49:33"
"93","1","Fulfilled","1999-10-08 21:15:12"
"94","29","Fulfilled","2019-04-21 05:24:28"
"95","56","Pending","1996-07-19 22:28:10"
"96","52","Fulfilled","2017-10-25 07:35:56"
"97","43","Pending","1975-01-27 12:11:24"
"98","8","Pending","2004-10-26 16:13:04"
"99","22","On Hold","2009-03-01 08:00:44"
"100","19","Pending","1977-08-07 22:29:29"
"101","34","Fulfilled","1994-01-31 19:42:13"
"102","44","On Hold","1988-06-10 00:49:58"
"103","83","Fulfilled","1984-04-27 10:39:37"
"104","60","On Hold","1988-12-02 01:52:19"
"105","9","Fulfilled","1986-05-24 18:36:24"
"106","70","Pending","2003-04-01 08:26:37"
"107","49","Fulfilled","2001-08-12 08:32:16"
"108","67","Pending","2012-06-28 09:32:00"
"109","44","Pending","1980-05-16 21:57:22"
"110","89","Fulfilled","1997-03-20 09:38:52"
"111","74","On Hold","1996-11-20 18:26:00"
"112","55","On Hold","1982-12-31 05:56:20"
"113","11","On Hold","1985-05-29 22:05:52"
"114","59","Pending","1988-11-03 06:47:26"
"115","91","Fulfilled","1985-02-21 22:57:33"
"116","65","Pending","1997-12-19 07:25:09"
"117","39","Fulfilled","2012-10-12 21:36:49"
"118","9","On Hold","2008-11-25 15:23:49"
"119","63","Pending","1987-08-14 21:55:45"
"120","79","On Hold","2005-01-04 09:16:25"
"121","66","Fulfilled","1970-01-15 07:16:15"
"122","3","On Hold","2009-08-28 17:01:52"
"123","59","On Hold","2011-06-29 18:03:00"
"124","52","Pending","2001-07-13 04:27:14"
"125","17","On Hold","2019-01-04 18:15:14"
"126","97","Pending","1985-06-19 17:21:03"
"127","30","Pending","1986-12-05 01:50:53"
"128","76","On Hold","2001-03-02 01:34:59"
"129","46","On Hold","1986-03-12 22:43:06"
"130","22","Pending","1984-11-01 23:22:40"
"131","80","Fulfilled","1999-10-29 14:09:54"
"132","12","Fulfilled","1989-07-16 12:38:34"
"133","99","Pending","2008-11-07 00:28:20"
"134","51","Pending","1974-02-20 13:41:53"
"135","10","On Hold","1982-01-30 19:03:51"
"136","22","Pending","2009-05-03 21:45:04"
"137","12","Pending","1990-07-24 01:43:50"
"138","86","Pending","2000-05-20 13:47:22"
"139","10","Pending","1972-07-20 01:27:17"
"140","15","Fulfilled","2015-04-29 08:05:46"
"141","86","On Hold","2016-02-17 17:19:08"
"142","58","On Hold","2015-05-03 21:09:50"
"143","62","Pending","2006-11-14 15:13:29"
"144","45","Fulfilled","1980-04-01 21:24:16"
"145","47","Pending","2023-03-19 00:22:45"
"146","77","On Hold","1971-12-04 03:49:29"
"147","83","On Hold","1989-05-06 03:13:09"
"148","38","Pending","2004-11-16 03:58:31"
"149","32","On Hold","2022-11-04 09:59:54"
"150","33","Fulfilled","1981-04-09 20:52:32"
"151","85","Fulfilled","1972-12-10 19:34:43"
"152","21","Fulfilled","2022-02-06 12:08:51"
"153","24","Pending","2020-10-12 01:30:03"
"154","13","On Hold","2023-02-22 20:00:44"
"155","23","Fulfilled","2016-11-10 10:13:30"
"156","6","On Hold","1988-08-21 23:23:04"
"157","52","Pending","2005-04-17 01:35:23"
"158","89","Fulfilled","1998-08-01 07:36:07"
"159","26","On Hold","2006-02-20 22:34:51"
"160","80","Fulfilled","1971-08-13 11:17:45"
"161","67","Fulfilled","1982-12-28 08:13:36"
"162","7","On Hold","1975-06-24 09:58:59"
"163","13","Pending","1973-03-31 12:11:32"
"164","82","Fulfilled","2019-07-31 06:41:12"
"165","51","Pending","2019-03-10 09:44:49"
"166","66","Fulfilled","2004-05-26 04:58:01"
"167","76","Fulfilled","1996-04-01 19:51:47"
"168","71","On Hold","2007-02-16 15:13:14"
"169","58","On Hold","1996-05-29 00:07:11"
"170","65","On Hold","2002-01-03 00:14:05"
"171","13","On Hold","1984-01-01 13:07:51"
"172","23","Pending","1995-11-27 19:07:13"
"173","59","Pending","1992-09-29 23:58:48"
"174","30","Pending","2007-09-21 11:54:02"
"175","74","Fulfilled","1971-12-29 20:33:46"
"176","95","Pending","1970-09-06 04:24:38"
"177","46","Pending","1980-11-14 03:09:01"
"178","52","Fulfilled","1970-10-08 02:14:00"
"179","53","On Hold","1970-01-04 09:07:57"
"180","24","On Hold","2001-06-22 07:27:38"
"181","69","Pending","1973-04-26 10:08:02"
"182","61","On Hold","1973-03-16 21:37:37"
"183","50","Pending","1981-12-16 10:04:18"
"184","62","Pending","2002-01-19 14:55:57"
"185","9","On Hold","2014-02-14 07:58:29"
"186","45","Fulfilled","1974-03-02 22:59:20"
"187","60","On Hold","2010-03-01 12:05:20"
"188","4","On Hold","1999-07-07 10:05:02"
"189","4","Fulfilled","1998-02-16 18:33:18"
"190","42","Pending","1987-12-02 18:44:57"
"191","97","Fulfilled","1986-02-03 06:58:21"
"192","49","On Hold","1984-04-17 14:08:52"
"193","38","Pending","2018-07-25 18:24:51"
"194","93","Pending","1983-04-02 06:30:53"
"195","26","Pending","2019-06-19 13:22:23"
"196","75","Fulfilled","2016-12-19 23:32:28"
"197","47","Pending","2013-06-02 15:05:19"
"198","20","On Hold","2017-10-25 02:21:12"
"199","0","On Hold","2001-04-16 23:15:27"
"200","21","Pending","1985-11-14 20:00:57"
"201","46","Pending","2019-09-22 05:53:11"
"202","9","Fulfilled","2017-02-19 22:30:54"
"203","62","Fulfilled","2021-07-16 06:47:22"
"204","64","Pending","1976-07-19 12:13:11"
"205","54","On Hold","1984-06-25 08:09:43"
"206","92","Pending","2014-03-06 12:24:00"
"207","15","Fulfilled","1980-07-20 06:58:09"
"208","5","On Hold","1976-05-29 00:48:31"
"209","83","Fulfilled","1990-06-29 14:57:16"
"210","95","On Hold","1981-10-03 03:41:55"
"211","33","Fulfilled","1976-11-26 00:54:16"
"212","94","Fulfilled","1995-04-30 15:10:08"
"213","8","Pending","1994-12-28 06:44:54"
"214","93","Fulfilled","2020-06-25 02:54:31"
"215","27","Pending","2003-09-10 14:18:24"
"216","49","Pending","2003-06-07 02:44:01"
"217","36","Fulfilled","1999-07-15 06:11:05"
"218","38","On Hold","2019-11-02 03:02:24"
"219","65","Fulfilled","2023-05-23 21:41:52"
"220","17","Fulfilled","1981-10-12 17:27:16"
"221","99","Pending","2001-01-09 00:41:12"
"222","29","Pending","2015-03-22 07:41:09"
"223","5","Pending","2012-01-09 03:27:59"
"224","49","Pending","2012-03-28 18:12:32"
"225","66","Fulfilled","2020-12-20 14:57:50"
"226","43","Fulfilled","2005-03-30 16:45:27"
"227","74","Pending","1988-02-14 22:37:55"
"228","88","Fulfilled","1992-08-29 21:32:46"
"229","63","Fulfilled","2011-03-03 11:01:39"
"230","76","Pending","1974-02-27 07:05:59"
"231","60","Pending","1998-06-16 22:17:51"
"232","87","On Hold","2005-07-08 05:35:00"
"233","26","On Hold","1979-09-02 03:00:33"
"234","35","On Hold","1982-03-12 16:07:10"
"235","90","On Hold","1981-01-09 11:40:40"
"236","30","Fulfilled","2023-04-21 11:24:16"
"237","5","Pending","2008-04-04 22:10:10"
"238","58","Fulfilled","1989-03-29 20:30:08"
"239","13","On Hold","2021-10-31 18:00:07"
"240","90","Pending","2012-11-07 00:20:32"
"241","42","On Hold","2002-12-15 11:23:16"
"242","39","Pending","1976-11-21 17:32:56"
"243","91","Fulfilled","2011-01-30 02:13:41"
"244","21","Pending","1990-06-11 09:46:26"
"245","19","Fulfilled","1995-03-29 20:31:36"
"246","27","On Hold","1980-10-09 11:07:59"
"247","62","Fulfilled","1980-11-13 17:53:10"
"248","35","Pending","2018-06-06 07:26:26"
"249","66","Fulfilled","1986-08-25 22:38:43"
"250","9","On Hold","2000-06-06 23:41:46"
"251","44","Fulfilled","2021-01-23 04:44:17"
"252","7","Fulfilled","2004-05-17 21:59:00"
"253","46","Fulfilled","1995-07-13 23:07:42"
"254","91","Pending","1981-11-04 13:27:06"
"255","55","Fulfilled","2003-04-08 12:32:11"
"256","45","Fulfilled","1979-06-17 10:48:10"
"257","60","Pending","1997-03-31 12:09:21"
"258","34","Fulfilled","2007-09-12 06:22:52"
"259","54","On Hold","2004-12-02 11:36:28"
"260","38","On Hold","2011-02-05 09:11:18"
"261","6","On Hold","1987-09-09 11:15:18"
"262","79","On Hold","2023-08-07 05:33:09"
"263","80","Fulfilled","1985-03-31 03:28:51"
"264","57","Pending","2007-07-12 22:15:32"
"265","97","Pending","2014-08-31 21:42:09"
"266","96","Pending","2023-04-24 09:19:05"
"267","31","Fulfilled","2006-11-16 14:49:14"
"268","20","Fulfilled","1990-07-21 04:37:19"
"269","80","Fulfilled","1999-11-15 23:26:54"
"270","8","Pending","2020-04-12 21:43:27"
"271","43","On Hold","1979-05-27 03:03:43"
"272","48","Fulfilled","1994-03-31 20:45:48"
"273","13","Pending","1999-02-05 05:35:37"
"274","76","Pending","2001-08-23 21:08:44"
"275","89","Fulfilled","1990-11-18 21:51:17"
"276","48","On Hold","1994-10-08 18:26:41"
"277","58","Pending","1977-11-22 15:49:11"
"278","18","Fulfilled","1980-07-29 22:12:52"
"279","95","Fulfilled","2023-01-26 15:08:19"
"280","49","On Hold","2002-08-21 04:09:30"
"281","3","On Hold","2020-03-19 07:32:34"
"282","5","Pending","1974-08-12 16:38:22"
"283","80","Fulfilled","1982-10-04 01:38:41"
"284","87","Fulfilled","1987-12-17 23:10:35"
"285","28","On Hold","2000-06-29 02:24:09"
"286","58","Fulfilled","2010-05-19 18:52:18"
"287","45","On Hold","1996-01-17 19:14:37"
"288","68","Pending","2008-08-27 16:33:59"
"289","65","Pending","2009-05-04 04:08:58"
"290","77","Pending","1972-12-14 02:49:26"
"291","36","Pending","2002-12-21 13:28:36"
"292","35","Fulfilled","2003-05-11 11:09:31"
"293","73","Fulfilled","2000-08-21 19:57:49"
"294","31","Pending","1978-11-11 00:10:26"
"295","18","Pending","2017-07-11 10:27:40"
"296","39","On Hold","1991-03-19 06:56:32"
"297","39","Fulfilled","1982-01-19 01:41:29"
"298","75","Fulfilled","1997-07-20 23:47:01"
"299","77","On Hold","1992-12-04 16:23:56"
"300","42","Fulfilled","2014-12-23 15:44:38"
"301","3","On Hold","2003-02-19 16:43:08"
"302","22","Pending","1990-02-24 09:08:29"
"303","70","On Hold","1983-10-12 17:13:17"
"304","27","Pending","2018-12-24 22:44:32"
"305","21","Pending","2010-11-06 20:47:11"
"306","84","Fulfilled","1985-12-28 04:20:54"
"307","86","Pending","2015-05-22 09:32:58"
"308","80","Fulfilled","1983-02-14 07:16:04"
"309","73","Pending","1972-05-31 05:58:56"
"310","80","Fulfilled","2001-08-24 09:48:22"
"311","2","Fulfilled","1970-11-27 02:03:29"
"312","39","On Hold","1998-12-02 09:01:41"
"313","73","Pending","1979-09-19 18:28:46"
"314","2","Fulfilled","2006-10-27 11:36:04"
"315","20","Pending","1970-10-29 21:20:37"
"316","56","Pending","1998-02-28 04:05:27"
"317","76","On Hold","1981-07-26 00:08:52"
"318","85","Fulfilled","1989-03-09 05:55:56"
"319","2","On Hold","2017-07-13 15:13:19"
"320","6","Pending","1992-12-17 12:03:22"
"321","36","On Hold","1998-12-29 08:19:37"
"322","18","Pending","2017-11-10 02:17:52"
"323","30","Pending","2002-01-07 11:48:31"
"324","53","Pending","1988-10-01 06:19:43"
"325","40","Pending","1990-09-08 14:25:39"
"326","36","Fulfilled","2009-07-21 18:46:21"
"327","41","Pending","2015-05-17 01:32:38"
"328","87","Fulfilled","1973-05-18 03:21:27"
"329","53","On Hold","2017-03-21 04:58:29"
"330","59","On Hold","1980-01-31 02:26:01"
"331","58","On Hold","1978-05-22 03:58:02"
"332","31","Fulfilled","1999-01-15 03:38:19"
"333","50","On Hold","2021-12-11 03:32:05"
"334","30","Fulfilled","2013-09-22 12:49:25"
"335","22","Fulfilled","2002-04-30 01:59:57"
"336","33","Fulfilled","2006-07-05 04:24:48"
"337","37","On Hold","1973-01-02 22:08:21"
"338","63","On Hold","2023-10-02 07:42:27"
"339","57","On Hold","2008-03-04 19:57:16"
"340","29","On Hold","2011-05-29 16:58:15"
"341","13","Pending","2016-11-14 05:22:22"
"342","31","Fulfilled","1988-10-01 17:51:48"
"343","37","Pending","1995-12-20 07:58:01"
"344","69","Pending","1993-06-23 12:04:23"
"345","73","On Hold","1983-04-19 06:39:45"
"346","54","Fulfilled","1976-10-20 01:29:40"
"347","42","Fulfilled","2000-11-10 23:53:27"
"348","43","Fulfilled","1971-08-16 20:42:11"
"349","82","On Hold","1997-11-12 18:33:59"
"350","31","Fulfilled","2007-06-18 21:09:30"
"351","48","On Hold","2013-05-11 02:12:36"
"352","50","Pending","1998-10-04 15:36:42"
"353","82","Fulfilled","1996-03-01 13:28:47"
"354","8","On Hold","1985-11-02 13:14:31"
"355","80","On Hold","2004-10-07 14:59:31"
"356","79","Pending","1970-04-09 11:29:11"
"357","13","Pending","1999-03-02 10:26:20"
"358","60","Fulfilled","2005-02-24 00:43:37"
"359","27","Fulfilled","2012-12-13 22:24:05"
"360","55","Fulfilled","2002-07-18 21:42:26"
"361","99","Pending","1982-05-04 13:57:49"
"362","46","Pending","1972-01-27 19:04:29"
"363","68","Pending","2023-02-25 04:17:55"
"364","17","On Hold","1993-11-25 14:43:13"
"365","66","On Hold","2000-07-01 18:30:57"
"366","66","Fulfilled","1971-05-01 04:21:57"
"367","41","Pending","2002-05-11 05:57:21"
"368","81","Fulfilled","2009-04-20 23:47:38"
"369","24","On Hold","1991-10-26 11:42:58"
"370","21","Pending","1990-05-05 22:49:21"
"371","45","Fulfilled","1974-01-08 08:27:20"
"372","16","On Hold","2012-07-08 13:12:55"
"373","9","Pending","1985-01-09 16:37:42"
"374","42","Fulfilled","1985-07-03 21:49:01"
"375","10","Fulfilled","2008-12-20 13:13:56"
"376","0","Fulfilled","2012-01-17 10:39:59"
"377","34","Fulfilled","2012-11-14 17:50:44"
"378","87","On Hold","1999-09-14 15:39:07"
"379","6","Pending","1994-02-14 20:29:22"
"380","1","Pending","1972-11-13 13:12:20"
"381","31","On Hold","1996-01-25 05:54:54"
"382","46","Pending","1985-09-18 22:23:03"
"383","19","Pending","1974-04-12 16:49:46"
"384","60","Pending","1972-01-22 09:53:02"
"385","0","On Hold","1995-12-13 04:57:06"
"386","69","On Hold","1988-09-25 18:38:46"
"387","60","Fulfilled","2007-10-14 12:08:25"
"388","28","Fulfilled","1998-06-09 05:32:22"
"389","48","Pending","2018-04-04 16:16:55"
"390","92","Fulfilled","2007-02-13 11:40:46"
"391","27","Fulfilled","1997-11-01 19:22:47"
"392","13","Fulfilled","1970-06-02 16:41:18"
"393","41","Pending","1975-10-24 06:57:40"
"394","27","Fulfilled","2010-05-16 10:09:54"
"395","50","Fulfilled","1985-02-12 18:01:58"
"396","83","Pending","1997-07-14 11:23:09"
"397","16","Fulfilled","2019-11-07 10:15:42"
"398","22","On Hold","1989-01-07 00:19:59"
"399","48","On Hold","2018-09-10 16:43:27"
"400","35","Fulfilled","2000-04-26 07:35:06"
"401","80","Fulfilled","2014-01-16 18:23:26"
"402","16","Pending","1977-12-09 19:23:52"
"403","67","Pending","2005-11-24 08:01:21"
"404","47","Fulfilled","2016-04-14 06:59:29"
"405","46","Fulfilled","1972-07-31 02:39:15"
"406","10","On Hold","1974-01-06 02:46:20"
"407","93","On Hold","2018-08-22 19:35:12"
"408","52","Fulfilled","2023-08-09 12:21:52"
"409","30","Fulfilled","1994-03-23 17:43:49"
"410","14","Fulfilled","2003-03-20 12:25:55"
"411","89","Pending","1985-09-14 21:53:05"
"412","29","Fulfilled","2007-07-17 07:17:04"
"413","89","Fulfilled","2016-09-09 19:21:16"
"414","83","Fulfilled","2015-12-05 22:40:06"
"415","35","Pending","2013-06-19 03:18:18"
"416","41","Pending","1975-11-09 01:49:22"
"417","11","Pending","2004-11-27 03:02:44"
"418","63","Pending","1983-10-12 23:58:58"
"419","93","Fulfilled","2017-10-14 22:43:19"
"420","50","On Hold","1986-06-11 02:01:51"
"421","35","Pending","1992-09-27 23:03:04"
"422","57","Pending","1979-12-02 10:20:46"
"423","88","On Hold","1971-12-01 14:02:52"
"424","18","Fulfilled","1978-10-01 19:26:12"
"425","36","Fulfilled","1975-05-19 06:45:28"
"426","40","On Hold","1975-03-12 04:01:14"
"427","89","Fulfilled","2012-11-10 21:59:15"
"428","12","Pending","2018-11-02 15:36:49"
"429","11","On Hold","1973-10-10 12:37:44"
"430","23","On Hold","1977-05-06 08:13:56"
"431","5","On Hold","2014-10-12 00:26:14"
"432","28","Pending","2009-04-23 18:00:01"
"433","3","On Hold","2021-12-08 03:16:12"
"434","85","On Hold","1976-02-07 15:03:53"
"435","74","Fulfilled","1987-08-03 04:19:43"
"436","2","Pending","1993-01-21 13:19:36"
"437","0","Fulfilled","1980-12-18 11:12:52"
"438","29","Pending","2016-01-26 02:59:30"
"439","72","On Hold","1978-10-03 06:32:37"
"440","62","On Hold","2021-05-17 08:10:43"
"441","54","Fulfilled","2018-04-22 04:54:46"
"442","65","Pending","2011-05-15 17:28:15"
"443","78","Pending","1973-06-04 08:01:21"
"444","65","Fulfilled","2021-03-25 18:53:35"
"445","0","Pending","1994-09-04 17:17:02"
"446","58","Fulfilled","1987-04-10 07:15:51"
"447","21","On Hold","2013-06-08 05:55:40"
"448","4","Pending","1981-11-26 07:19:39"
"449","94","On Hold","1976-03-21 08:48:12"
"450","36","Fulfilled","2007-06-04 06:54:28"
"451","15","Fulfilled","1985-09-05 04:59:45"
"452","64","Pending","1992-12-10 02:10:23"
"453","35","On Hold","1975-12-05 04:42:25"
"454","97","Pending","1990-05-16 20:16:35"
"455","46","Pending","2016-01-18 21:17:24"
"456","81","Pending","1979-07-01 15:37:17"
"457","64","Pending","2004-08-15 05:14:28"
"458","95","Pending","1991-11-21 08:17:25"
"459","58","Pending","2011-11-20 08:08:00"
"460","71","Pending","1972-06-29 00:23:44"
"461","2","Fulfilled","2022-08-28 23:57:13"
"462","8","Fulfilled","1982-11-17 14:18:49"
"463","95","Pending","2020-03-21 16:39:05"
"464","21","On Hold","1985-08-28 08:40:57"
"465","14","Pending","2009-02-13 12:48:12"
"466","70","On Hold","1989-03-09 23:45:56"
"467","25","Pending","1977-05-21 17:13:43"
"468","2","Pending","1970-07-10 07:14:43"
"469","3","On Hold","2023-04-08 12:05:53"
"470","11","Pending","1999-05-28 12:52:14"
"471","4","On Hold","2021-03-21 02:10:39"
"472","41","Fulfilled","1995-01-01 21:19:55"
"473","67","Pending","2018-11-11 21:43:28"
"474","26","Fulfilled","2021-09-18 14:28:59"
"475","42","On Hold","2013-12-09 18:09:02"
"476","91","Fulfilled","1988-09-03 22:39:29"
"477","73","Pending","1993-09-28 23:15:43"
"478","83","Pending","1999-12-05 17:38:03"
"479","64","On Hold","2009-01-27 11:27:56"
"480","43","Pending","1989-11-02 22:49:19"
"481","44","On Hold","1977-02-08 03:52:53"
"482","96","On Hold","1988-04-05 06:17:29"
"483","28","Pending","1995-05-15 10:38:06"
"484","11","Fulfilled","1972-06-07 12:02:04"
"485","6","On Hold","1975-03-16 04:46:09"
"486","45","Pending","1987-04-26 05:09:14"
"487","24","On Hold","2023-07-14 08:50:09"
"488","83","Fulfilled","2007-05-11 23:34:09"
"489","27","On Hold","1971-04-16 23:01:29"
"490","12","Pending","1981-08-13 23:33:10"
"491","66","On Hold","1987-03-17 08:17:22"
"492","18","On Hold","1991-01-16 13:33:29"
"493","81","On Hold","1971-11-20 20:43:15"
"494","2","Pending","2009-10-25 19:38:02"
"495","62","On Hold","1980-06-03 05:37:10"
"496","50","On Hold","2014-03-31 11:48:26"
"497","9","Pending","1988-07-18 18:43:26"
"498","56","Fulfilled","2015-07-23 18:13:21"
"499","63","Pending","1980-07-03 13:15:24"
